{"cameraMode":{"drawMode":0,"name":"Shaded","section":"Shading Mode"},"sceneLighting":true,"audioPlay":false,"sceneViewState":{"m_AlwaysRefresh":false,"showFog":true,"showSkybox":true,"showFlares":true,"showImageEffects":true,"showParticleSystems":true,"showVisualEffectGraphs":true,"m_FxEnabled":true},"in2DMode":false,"pivot":{"x":0.5601688623428345,"y":0.5347239971160889,"z":1.998003602027893},"rotation":{"x":-0.07776971906423569,"y":0.38215258717536929,"z":-0.032299116253852847,"w":-0.920260488986969},"size":2.0891849994659426,"orthographic":false}