{"cameraMode":{"drawMode":0,"name":"Shaded","section":"Shading Mode"},"sceneLighting":true,"audioPlay":false,"sceneViewState":{"m_AlwaysRefresh":false,"showFog":true,"showSkybox":true,"showFlares":true,"showImageEffects":true,"showParticleSystems":true,"showVisualEffectGraphs":true,"m_FxEnabled":true},"in2DMode":false,"pivot":{"x":-1.0810997486114503,"y":0.6074634790420532,"z":0.09922849386930466},"rotation":{"x":-0.01067457813769579,"y":0.8652815818786621,"z":-0.01844131387770176,"w":-0.5008405447006226},"size":1.5127239227294922,"orthographic":false}