{"cameraMode":{"drawMode":0,"name":"Shaded","section":"Shading Mode"},"sceneLighting":true,"audioPlay":false,"sceneViewState":{"m_AlwaysRefresh":false,"showFog":true,"showSkybox":true,"showFlares":true,"showImageEffects":true,"showParticleSystems":true,"showVisualEffectGraphs":true,"m_FxEnabled":true},"in2DMode":false,"pivot":{"x":6.476558685302734,"y":1.617677927017212,"z":-0.5703467130661011},"rotation":{"x":0.04034142196178436,"y":-0.5321940779685974,"z":-0.025401901453733445,"w":-0.8452872037887573},"size":1.8819869756698609,"orthographic":false}