{"cameraMode":{"drawMode":0,"name":"Shaded","section":"Shading Mode"},"sceneLighting":true,"audioPlay":false,"sceneViewState":{"m_AlwaysRefresh":false,"showFog":true,"showSkybox":true,"showFlares":true,"showImageEffects":true,"showParticleSystems":true,"showVisualEffectGraphs":true,"m_FxEnabled":true},"in2DMode":false,"pivot":{"x":4.610104560852051,"y":3.4226534366607668,"z":0.13713762164115907},"rotation":{"x":-0.002380701247602701,"y":0.6940486431121826,"z":-0.0022990256547927858,"w":-0.7199281454086304},"size":2.0891849994659426,"orthographic":false}