{"cameraMode":{"drawMode":0,"name":"Shaded","section":"Shading Mode"},"sceneLighting":true,"audioPlay":false,"sceneViewState":{"m_AlwaysRefresh":false,"showFog":true,"showSkybox":true,"showFlares":true,"showImageEffects":true,"showParticleSystems":true,"showVisualEffectGraphs":true,"m_FxEnabled":true},"in2DMode":false,"pivot":{"x":-14.360617637634278,"y":6.9932050704956059,"z":-6.048628330230713},"rotation":{"x":-0.24524571001529694,"y":-0.46338513493537905,"z":0.13515101373195649,"w":-0.8407735228538513},"size":3.360476493835449,"orthographic":false}